-- --------------------------------------------------------
-- Host:                         127.0.0.1
-- Server version:               8.0.33 - MySQL Community Server - GPL
-- Server OS:                    Win64
-- HeidiSQL Version:             12.1.0.6537
-- --------------------------------------------------------

/*!40101 SET @OLD_CHARACTER_SET_CLIENT=@@CHARACTER_SET_CLIENT */;
/*!40101 SET NAMES utf8 */;
/*!50503 SET NAMES utf8mb4 */;
/*!40103 SET @OLD_TIME_ZONE=@@TIME_ZONE */;
/*!40103 SET TIME_ZONE='+00:00' */;
/*!40014 SET @OLD_FOREIGN_KEY_CHECKS=@@FOREIGN_KEY_CHECKS, FOREIGN_KEY_CHECKS=0 */;
/*!40101 SET @OLD_SQL_MODE=@@SQL_MODE, SQL_MODE='NO_AUTO_VALUE_ON_ZERO' */;
/*!40111 SET @OLD_SQL_NOTES=@@SQL_NOTES, SQL_NOTES=0 */;


-- Dumping database structure for miniproject2
CREATE DATABASE IF NOT EXISTS `miniproject2` /*!40100 DEFAULT CHARACTER SET utf8mb4 COLLATE utf8mb4_0900_ai_ci */ /*!80016 DEFAULT ENCRYPTION='N' */;
USE `miniproject2`;

-- Dumping structure for table miniproject2.blog
CREATE TABLE IF NOT EXISTS `blog` (
  `id` int NOT NULL AUTO_INCREMENT,
  `title` varchar(255) NOT NULL,
  `userId` int NOT NULL,
  `imageURL` varchar(255) DEFAULT NULL,
  `categoryId` int NOT NULL,
  `content` varchar(500) CHARACTER SET utf8mb4 COLLATE utf8mb4_0900_ai_ci NOT NULL,
  `videoURL` varchar(255) DEFAULT NULL,
  `keyword` varchar(255) NOT NULL,
  `countryId` int NOT NULL,
  `createdAt` datetime NOT NULL DEFAULT CURRENT_TIMESTAMP,
  PRIMARY KEY (`id`),
  KEY `userId` (`userId`),
  KEY `categoryId` (`categoryId`),
  KEY `countryId` (`countryId`),
  CONSTRAINT `blog_ibfk_1` FOREIGN KEY (`userId`) REFERENCES `user` (`id`) ON UPDATE CASCADE,
  CONSTRAINT `blog_ibfk_2` FOREIGN KEY (`categoryId`) REFERENCES `category` (`id`) ON UPDATE CASCADE,
  CONSTRAINT `blog_ibfk_3` FOREIGN KEY (`countryId`) REFERENCES `country` (`id`) ON UPDATE CASCADE
) ENGINE=InnoDB AUTO_INCREMENT=43 DEFAULT CHARSET=utf8mb4 COLLATE=utf8mb4_0900_ai_ci;

-- Dumping data for table miniproject2.blog: ~22 rows (approximately)
INSERT INTO `blog` (`id`, `title`, `userId`, `imageURL`, `categoryId`, `content`, `videoURL`, `keyword`, `countryId`, `createdAt`) VALUES
	(21, 'Romeo and Juliet', 2, '/public/assets/img/usbc.jpg', 3, 'Fusce consequat. Nulla nisl. Nunc nisl.', NULL, 'Argalis', 53, '2023-07-11 00:00:00'),
	(22, 'Guilty by Suspicion', 1, '/public/assets/img/usbc.jpg', 2, 'Sed ante. Vivamus tortor. Duis mattis egestas metus.', NULL, 'Fox, grey', 101, '2023-07-10 00:00:00'),
	(23, 'Won\'t Back Down', 2, '/public/assets/img/usbc.jpg', 6, 'Cras mi pede, malesuada in, imperdiet et, commodo vulputate, justo. In blandit ultrices enim. Lorem ipsum dolor sit amet, consectetuer adipiscing elit.', NULL, 'Cobra (unidentified)', 25, '2023-07-13 00:00:00'),
	(24, 'Kolka Cool', 2, '/public/assets/img/usbc.jpg', 2, 'Maecenas leo odio, condimentum id, luctus nec, molestie sed, justo. Pellentesque viverra pede ac diam. Cras pellentesque volutpat dui.', NULL, 'Crimson-breasted shrike', 161, '2023-07-18 00:00:00'),
	(25, 'Prince of Foxes', 1, NULL, 6, 'Etiam vel augue. Vestibulum rutrum rutrum neque. Aenean auctor gravida sem.', NULL, 'Pig-tailed macaque', 7, '2023-07-17 00:00:00'),
	(26, 'Tigerland', 1, '/public/assets/img/usbc.jpg', 1, 'Maecenas ut massa quis augue luctus tincidunt. Nulla mollis molestie lorem. Quisque ut erat.', NULL, 'Whale, southern right', 134, '2023-07-10 00:00:00'),
	(27, 'Savannah Smiles', 1, '/public/assets/img/usbc.jpg', 2, 'Aliquam quis turpis eget elit sodales scelerisque. Mauris sit amet eros. Suspendisse accumsan tortor quis turpis.', NULL, 'Turtle, snake-necked', 20, '2023-07-10 00:00:00'),
	(28, 'Internecine Project, The', 2, '/public/assets/img/usbc.jpg', 1, 'Curabitur at ipsum ac tellus semper interdum. Mauris ullamcorper purus sit amet nulla. Quisque arcu libero, rutrum ac, lobortis vel, dapibus at, diam.', NULL, 'Bee-eater (unidentified)', 76, '2023-07-17 00:00:00'),
	(29, 'Man with the Golden Arm, The', 1, '/public/assets/img/usbc.jpg', 2, 'Pellentesque at nulla. Suspendisse potenti. Cras in purus eu magna vulputate luctus.', NULL, 'Boa, malagasy ground', 74, '2023-07-13 00:00:00'),
	(30, 'Greyfriars Bobby (a.k.a. Greyfriars Bobby: The True Story of a Dog)', 1, '/public/assets/img/usbc.jpg', 1, 'Curabitur in libero ut massa volutpat convallis. Morbi odio odio, elementum eu, interdum eu, tincidunt in, leo. Maecenas pulvinar lobortis est.', NULL, 'Red-billed tropic bird', 170, '2023-07-17 00:00:00'),
	(31, 'Chinese Roulette (Chinesisches Roulette)', 1, NULL, 4, 'Praesent blandit. Nam nulla. Integer pede justo, lacinia eget, tincidunt eget, tempus vel, pede.', NULL, 'Mongoose, eastern dwarf', 159, '2023-07-12 00:00:00'),
	(32, 'Drones', 2, '/public/assets/img/usbc.jpg', 4, 'Maecenas ut massa quis augue luctus tincidunt. Nulla mollis molestie lorem. Quisque ut erat.', NULL, 'Sally lightfoot crab', 145, '2023-07-12 00:00:00'),
	(33, 'Disgrace', 1, '/public/assets/img/usbc.jpg', 4, 'Quisque porta volutpat erat. Quisque erat eros, viverra eget, congue eget, semper rutrum, nulla. Nunc purus.', NULL, 'Starfish, crown of thorns', 43, '2023-07-12 00:00:00'),
	(34, 'Devil, Probably, The (Diable probablement, Le)', 2, NULL, 4, 'Sed sagittis. Nam congue, risus semper porta volutpat, quam pede lobortis ligula, sit amet eleifend pede libero quis orci. Nullam molestie nibh in lectus.', NULL, 'Lion, mountain', 156, '2023-07-14 00:00:00'),
	(35, 'Best of the Best 3: No Turning Back', 1, NULL, 5, 'Curabitur at ipsum ac tellus semper interdum. Mauris ullamcorper purus sit amet nulla. Quisque arcu libero, rutrum ac, lobortis vel, dapibus at, diam.', NULL, 'Fox, north american red', 68, '2023-07-13 00:00:00'),
	(36, 'Promised Land (Ziemia Obiecana)', 1, '/public/assets/img/usbc.jpg', 5, 'Integer tincidunt ante vel ipsum. Praesent blandit lacinia erat. Vestibulum sed magna at nunc commodo placerat.', NULL, 'Black rhinoceros', 103, '2023-07-17 00:00:00'),
	(37, 'Crow: Salvation, The', 2, '/public/assets/img/usbc.jpg', 3, 'In sagittis dui vel nisl. Duis ac nibh. Fusce lacus purus, aliquet at, feugiat non, pretium quis, lectus.', NULL, 'Blue-tongued lizard', 76, '2023-07-14 00:00:00'),
	(38, 'Man in the Saddle', 2, '/public/assets/img/usbc.jpg', 6, 'Quisque porta volutpat erat. Quisque erat eros, viverra eget, congue eget, semper rutrum, nulla. Nunc purus.', NULL, 'Lion, galapagos sea', 138, '2023-07-12 00:00:00'),
	(39, 'Stranger, The', 2, '/public/assets/img/usbc.jpg', 5, 'Duis aliquam convallis nunc. Proin at turpis a pede posuere nonummy. Integer non velit.', NULL, 'White-throated toucan', 185, '2023-07-13 00:00:00'),
	(40, 'Tale of Despereaux, The', 2, '/public/assets/img/usbc.jpg', 2, 'Aenean fermentum. Donec ut mauris eget massa tempor convallis. Nulla neque libero, convallis eget, eleifend luctus, ultricies eu, nibh.', NULL, 'Squirrel, nelson ground', 87, '2023-07-18 00:00:00'),
	(41, 'all kinds of stuff', 14, 'src\\public\\imageURL\\imageURL-1690378756306432078870.jpeg', 2, '30 lorem opsum', 'https://www.youtube.com/watch?v=rw392gowFu4', 'music, whatever', 4, '2023-07-26 13:39:16'),
	(42, 'all kinds of stuff 2', 15, 'src\\public\\imageURL\\imageURL-1690406589662809704502.jpeg', 3, '30 lorem opsum', 'https://www.youtube.com/watch?v=rw392gowFu4', 'music, cool', 57, '2023-07-26 21:23:09');

-- Dumping structure for table miniproject2.category
CREATE TABLE IF NOT EXISTS `category` (
  `id` int NOT NULL AUTO_INCREMENT,
  `name` varchar(255) NOT NULL,
  PRIMARY KEY (`id`)
) ENGINE=InnoDB AUTO_INCREMENT=7 DEFAULT CHARSET=utf8mb4 COLLATE=utf8mb4_0900_ai_ci;

-- Dumping data for table miniproject2.category: ~6 rows (approximately)
INSERT INTO `category` (`id`, `name`) VALUES
	(1, 'umum'),
	(2, 'olahraga'),
	(3, 'ekonomi'),
	(4, 'politik'),
	(5, 'bisnis'),
	(6, 'fiksi');

-- Dumping structure for table miniproject2.country
CREATE TABLE IF NOT EXISTS `country` (
  `id` int NOT NULL AUTO_INCREMENT,
  `country_name` varchar(255) NOT NULL,
  PRIMARY KEY (`id`)
) ENGINE=InnoDB AUTO_INCREMENT=253 DEFAULT CHARSET=utf8mb4 COLLATE=utf8mb4_0900_ai_ci;

-- Dumping data for table miniproject2.country: ~252 rows (approximately)
INSERT INTO `country` (`id`, `country_name`) VALUES
	(1, 'Afghanistan'),
	(2, 'Aland Islands'),
	(3, 'Albania'),
	(4, 'Algeria'),
	(5, 'American Samoa'),
	(6, 'Andorra'),
	(7, 'Angola'),
	(8, 'Anguilla'),
	(9, 'Antarctica'),
	(10, 'Antigua and Barbuda'),
	(11, 'Argentina'),
	(12, 'Armenia'),
	(13, 'Aruba'),
	(14, 'Australia'),
	(15, 'Austria'),
	(16, 'Azerbaijan'),
	(17, 'Bahamas'),
	(18, 'Bahrain'),
	(19, 'Bangladesh'),
	(20, 'Barbados'),
	(21, 'Belarus'),
	(22, 'Belgium'),
	(23, 'Belize'),
	(24, 'Benin'),
	(25, 'Bermuda'),
	(26, 'Bhutan'),
	(27, 'Bolivia'),
	(28, 'Bonaire, Sint Eustatius and Saba'),
	(29, 'Bosnia and Herzegovina'),
	(30, 'Botswana'),
	(31, 'Bouvet Island'),
	(32, 'Brazil'),
	(33, 'British Indian Ocean Territory'),
	(34, 'Brunei Darussalam'),
	(35, 'Bulgaria'),
	(36, 'Burkina Faso'),
	(37, 'Burundi'),
	(38, 'Cambodia'),
	(39, 'Cameroon'),
	(40, 'Canada'),
	(41, 'Cape Verde'),
	(42, 'Cayman Islands'),
	(43, 'Central African Republic'),
	(44, 'Chad'),
	(45, 'Chile'),
	(46, 'China'),
	(47, 'Christmas Island'),
	(48, 'Cocos (Keeling) Islands'),
	(49, 'Colombia'),
	(50, 'Comoros'),
	(51, 'Congo'),
	(52, 'Congo, Democratic Republic of the Congo'),
	(53, 'Cook Islands'),
	(54, 'Costa Rica'),
	(55, 'Cote D\'Ivoire'),
	(56, 'Croatia'),
	(57, 'Cuba'),
	(58, 'Curacao'),
	(59, 'Cyprus'),
	(60, 'Czech Republic'),
	(61, 'Denmark'),
	(62, 'Djibouti'),
	(63, 'Dominica'),
	(64, 'Dominican Republic'),
	(65, 'Ecuador'),
	(66, 'Egypt'),
	(67, 'El Salvador'),
	(68, 'Equatorial Guinea'),
	(69, 'Eritrea'),
	(70, 'Estonia'),
	(71, 'Ethiopia'),
	(72, 'Falkland Islands (Malvinas)'),
	(73, 'Faroe Islands'),
	(74, 'Fiji'),
	(75, 'Finland'),
	(76, 'France'),
	(77, 'French Guiana'),
	(78, 'French Polynesia'),
	(79, 'French Southern Territories'),
	(80, 'Gabon'),
	(81, 'Gambia'),
	(82, 'Georgia'),
	(83, 'Germany'),
	(84, 'Ghana'),
	(85, 'Gibraltar'),
	(86, 'Greece'),
	(87, 'Greenland'),
	(88, 'Grenada'),
	(89, 'Guadeloupe'),
	(90, 'Guam'),
	(91, 'Guatemala'),
	(92, 'Guernsey'),
	(93, 'Guinea'),
	(94, 'Guinea-Bissau'),
	(95, 'Guyana'),
	(96, 'Haiti'),
	(97, 'Heard Island and Mcdonald Islands'),
	(98, 'Holy See (Vatican City State)'),
	(99, 'Honduras'),
	(100, 'Hong Kong'),
	(101, 'Hungary'),
	(102, 'Iceland'),
	(103, 'India'),
	(104, 'Indonesia'),
	(105, 'Iran, Islamic Republic of'),
	(106, 'Iraq'),
	(107, 'Ireland'),
	(108, 'Isle of Man'),
	(109, 'Israel'),
	(110, 'Italy'),
	(111, 'Jamaica'),
	(112, 'Japan'),
	(113, 'Jersey'),
	(114, 'Jordan'),
	(115, 'Kazakhstan'),
	(116, 'Kenya'),
	(117, 'Kiribati'),
	(118, 'Korea, Democratic People\'s Republic of'),
	(119, 'Korea, Republic of'),
	(120, 'Kosovo'),
	(121, 'Kuwait'),
	(122, 'Kyrgyzstan'),
	(123, 'Lao People\'s Democratic Republic'),
	(124, 'Latvia'),
	(125, 'Lebanon'),
	(126, 'Lesotho'),
	(127, 'Liberia'),
	(128, 'Libyan Arab Jamahiriya'),
	(129, 'Liechtenstein'),
	(130, 'Lithuania'),
	(131, 'Luxembourg'),
	(132, 'Macao'),
	(133, 'Macedonia, the Former Yugoslav Republic of'),
	(134, 'Madagascar'),
	(135, 'Malawi'),
	(136, 'Malaysia'),
	(137, 'Maldives'),
	(138, 'Mali'),
	(139, 'Malta'),
	(140, 'Marshall Islands'),
	(141, 'Martinique'),
	(142, 'Mauritania'),
	(143, 'Mauritius'),
	(144, 'Mayotte'),
	(145, 'Mexico'),
	(146, 'Micronesia, Federated States of'),
	(147, 'Moldova, Republic of'),
	(148, 'Monaco'),
	(149, 'Mongolia'),
	(150, 'Montenegro'),
	(151, 'Montserrat'),
	(152, 'Morocco'),
	(153, 'Mozambique'),
	(154, 'Myanmar'),
	(155, 'Namibia'),
	(156, 'Nauru'),
	(157, 'Nepal'),
	(158, 'Netherlands'),
	(159, 'Netherlands Antilles'),
	(160, 'New Caledonia'),
	(161, 'New Zealand'),
	(162, 'Nicaragua'),
	(163, 'Niger'),
	(164, 'Nigeria'),
	(165, 'Niue'),
	(166, 'Norfolk Island'),
	(167, 'Northern Mariana Islands'),
	(168, 'Norway'),
	(169, 'Oman'),
	(170, 'Pakistan'),
	(171, 'Palau'),
	(172, 'Palestinian Territory, Occupied'),
	(173, 'Panama'),
	(174, 'Papua New Guinea'),
	(175, 'Paraguay'),
	(176, 'Peru'),
	(177, 'Philippines'),
	(178, 'Pitcairn'),
	(179, 'Poland'),
	(180, 'Portugal'),
	(181, 'Puerto Rico'),
	(182, 'Qatar'),
	(183, 'Reunion'),
	(184, 'Romania'),
	(185, 'Russian Federation'),
	(186, 'Rwanda'),
	(187, 'Saint Barthelemy'),
	(188, 'Saint Helena'),
	(189, 'Saint Kitts and Nevis'),
	(190, 'Saint Lucia'),
	(191, 'Saint Martin'),
	(192, 'Saint Pierre and Miquelon'),
	(193, 'Saint Vincent and the Grenadines'),
	(194, 'Samoa'),
	(195, 'San Marino'),
	(196, 'Sao Tome and Principe'),
	(197, 'Saudi Arabia'),
	(198, 'Senegal'),
	(199, 'Serbia'),
	(200, 'Serbia and Montenegro'),
	(201, 'Seychelles'),
	(202, 'Sierra Leone'),
	(203, 'Singapore'),
	(204, 'Sint Maarten'),
	(205, 'Slovakia'),
	(206, 'Slovenia'),
	(207, 'Solomon Islands'),
	(208, 'Somalia'),
	(209, 'South Africa'),
	(210, 'South Georgia and the South Sandwich Islands'),
	(211, 'South Sudan'),
	(212, 'Spain'),
	(213, 'Sri Lanka'),
	(214, 'Sudan'),
	(215, 'Suriname'),
	(216, 'Svalbard and Jan Mayen'),
	(217, 'Swaziland'),
	(218, 'Sweden'),
	(219, 'Switzerland'),
	(220, 'Syrian Arab Republic'),
	(221, 'Taiwan, Province of China'),
	(222, 'Tajikistan'),
	(223, 'Tanzania, United Republic of'),
	(224, 'Thailand'),
	(225, 'Timor-Leste'),
	(226, 'Togo'),
	(227, 'Tokelau'),
	(228, 'Tonga'),
	(229, 'Trinidad and Tobago'),
	(230, 'Tunisia'),
	(231, 'Turkey'),
	(232, 'Turkmenistan'),
	(233, 'Turks and Caicos Islands'),
	(234, 'Tuvalu'),
	(235, 'Uganda'),
	(236, 'Ukraine'),
	(237, 'United Arab Emirates'),
	(238, 'United Kingdom'),
	(239, 'United States'),
	(240, 'United States Minor Outlying Islands'),
	(241, 'Uruguay'),
	(242, 'Uzbekistan'),
	(243, 'Vanuatu'),
	(244, 'Venezuela'),
	(245, 'Viet Nam'),
	(246, 'Virgin Islands, British'),
	(247, 'Virgin Islands, U.s.'),
	(248, 'Wallis and Futuna'),
	(249, 'Western Sahara'),
	(250, 'Yemen'),
	(251, 'Zambia'),
	(252, 'Zimbabwe');

-- Dumping structure for table miniproject2.user
CREATE TABLE IF NOT EXISTS `user` (
  `id` int NOT NULL AUTO_INCREMENT,
  `username` varchar(255) NOT NULL,
  `email` varchar(255) NOT NULL,
  `phone` varchar(255) NOT NULL,
  `password` varchar(255) NOT NULL,
  `img_url` varchar(255) DEFAULT '',
  `isVerified` tinyint(1) DEFAULT '0',
  `createdAt` datetime NOT NULL DEFAULT CURRENT_TIMESTAMP,
  `updatedAt` datetime NOT NULL DEFAULT CURRENT_TIMESTAMP,
  PRIMARY KEY (`id`)
) ENGINE=InnoDB AUTO_INCREMENT=16 DEFAULT CHARSET=utf8mb4 COLLATE=utf8mb4_0900_ai_ci;

-- Dumping data for table miniproject2.user: ~4 rows (approximately)
INSERT INTO `user` (`id`, `username`, `email`, `phone`, `password`, `img_url`, `isVerified`, `createdAt`, `updatedAt`) VALUES
	(1, 'smiley', 'smiley@mail.com', '081243567', 'smiggs', '', 0, '2023-07-19 08:30:48', '2023-07-19 08:30:48'),
	(2, 'drake\r\n', 'ovo@ovo.com', '086666666', 'iamdrake', '', 0, '2023-07-19 08:31:29', '2023-07-19 08:31:29'),
	(14, 'bigman39', 'zinuqu@tutuapp.bid', '08123456783', '$2b$10$rJtwMYZ2uaTAXW76RLoV0Orblw/issi4QivxlmrrPPeYgCNTNWgN2', 'src\\public\\avatar\\avatar-1690273218363321220755.jpeg', 1, '2023-07-22 07:46:34', '2023-07-26 06:49:56'),
	(15, 'smileyovo6', 'dumpnation11@gmail.com', '08123465789', '$2b$10$6sdJ4trCAI2o.KQjUQxjW.CsX7M9E7D1Dwo0/Zonv2QnOJRu9YKGe', 'src\\public\\avatar\\avatar-1690383801234762884102.jpeg', 1, '2023-07-26 14:55:27', '2023-07-26 21:21:58');

/*!40103 SET TIME_ZONE=IFNULL(@OLD_TIME_ZONE, 'system') */;
/*!40101 SET SQL_MODE=IFNULL(@OLD_SQL_MODE, '') */;
/*!40014 SET FOREIGN_KEY_CHECKS=IFNULL(@OLD_FOREIGN_KEY_CHECKS, 1) */;
/*!40101 SET CHARACTER_SET_CLIENT=@OLD_CHARACTER_SET_CLIENT */;
/*!40111 SET SQL_NOTES=IFNULL(@OLD_SQL_NOTES, 1) */;
